STT,TÊN WAVE ,SỐ PT,LOẠI ĐƠN ,NGÀY ĐI HÀNG ,TRẠNG THÁI ,SHORT,TỔNG LƯỢNG ,LƯỢNG ALLOCATE ĐƯỢC ,LƯỢNG PICK ,SỐ LƯỢNG RỚT ĐƠN HÀNG ,TỶ LỆ CHÊNH LỆCH ,TỶ LỆ 
1,KFM_FROZEN_NSO_270826,PT1714502,hàng đông NSO đợt 1 đi hàng 27.08,27/08/2026,HOÀN THÀNH ,6 SKU ,732,693,732,39,,"100,0%"
2,KFM_FROZEN_260826,PT1719215,Hàng ĐÔNG đi hàng ngày 26.08,26/06/2026,HOÀN THÀNH ,11 SKU ,14864,14530,12669,-1861,,"85,2%"
3,KFM_FROZEN_NS0_D1_270826,PT1723591,hàng đông NSO đợt 2 và đông daily đi hàng 27.08,27/08/2026,HOÀN THÀNH ,20 SKU ,19316,18231,14351,-3880,,"74,3%"
4, Wave - KFM_FROZEN_280626,PT1728736,hàng ĐÔNG đi hàng ngày 28.08,28/8/2026,HOÀN THÀNH ,27 SKU ,15150,13424,12208,-1216,,"80,6%"
5,KFM_FROZEN_290826,PT1733543,hàng ĐÔNG đi hàng 29.08,29/08/2026,HOÀN THÀNH ,27 SKU ,15061,13867,12822,-1045,,"85,1%"
6,KFM_FROZEN_CNSO_290826,PT1734211,Booking châm hàng ĐÔNG NSO A232 đi hàng ngày 29.08,29/08/2026,HOÀN THÀNH ,6 SKU ,317,275,233,-42,,"73,5%"
7, KFM_FROZEN_BSNSO_290826,PT1734396,Booking bổ sung NSO A232 hàng ĐÔNG mã short tồn đi hàng 29.08,29/08/2026,HOÀN THÀNH ,KHÔNG CÓ ,24,24,24,0,,"100,0%"
8,KFM_FROZEN_300826,PT1738035,Booking hàng ĐÔNG đi hàng ngày 30.08,30/08/2026,HOÀN THÀNH ,23 SKU ,12395,11427,10974,-453,,"88,5%"
9,KFM_FROZEN_310826,PT1741603,hàng ĐÔNG đi hàng ngày 31.08,31/08/2026,HOÀN THÀNH ,24SKU ,8685,7597,6500,-1097,,"74,8%"
10,KFM_FROZEN_BS_310826,PT1742468,bổ sung hàng Đông về hàng ngày 31.08,31/08/2026,HOÀN THÀNH ,26 SKU,1694,1328,1200,-128,,"70,8%"
11,KFM_FROZEN_BS_A232_310826,PT1742671,bổ sung thêm 1 ST mà chia thiếu của Anh Thiện,31/08/2026,HOÀN THÀNH ,8 SKU,246,209,205,-4,,"83,3%"
12,KFM_FROZEN_NSO_040926,PT1749839,hàng ĐÔNG NSO đợt 1 đi hàng ngày 04.09,04/09/2026,HOÀN THÀNH ,3sku,784,760,760,0,,"96,9%"
13,KFM_FROZEN_020926,PT1749853,DAILY 02.09.2026,02/09/2026,HOÀN THÀNH ,3 SKU,12988,12453,12453,0,,"95,9%"
14,KFM_FROZEN_030926,PT1754784,DAILY 03.09.2026,03/09/2026,HOÀN THÀNH ,0 SKU,14048,14048,14048,0,,"100,0%"
15,KFM_FROZEN_040926,PT1759106,DAILY + NSO BS 04.09.26,04/09/2026,HOÀN THÀNH ,0 SKU,11915,11915,11914,-1,,"100,0%"
16,KFM_FROZEN_050926,PT1764778,booking hàng ĐÔNG đi hàng 05.09,05/09/2026,HOÀN THÀNH ,0 SKU ,13778,13778,13778,0,,"100,0%"
17,KFM_FROZEN_060926,PT1769197,booking hàng ĐÔNG đi hàng 06.09,06/09/2026,HOÀN THÀNH ,4 SKU,11252,11146,11146,0,,"99,1%"
18,KFM_FROZEN_CNSO_060926,PT1769763,châm NSO,06/09/2026,HOÀN THÀNH ,0 SKU ,146,146,146,0,,"100,0%"
19,KFM_FROZEN_070926,PT1773623,booking hàng ĐÔNG đi hàng 07.09,07/09/2026,HOÀN THÀNH ,7 SKU,10270,10216,10039,-177,,"97,8%"
20,KFM_FROZEN_080926,PT1778209,booking hàng ĐÔNG đi hàng ngày 08.09,08/09/2026,HOÀN THÀNH ,0 SKU ,15372,15222,15202,-20,,"98,9%"
21,KFM_FROZEN_BS_080926,PT1779129,booking hàng ĐÔNG (mã sắp ngưng) đi hàng ngày 08.09,08/09/2026,HOÀN THÀNH ,0 SKU ,5212,5212,5159,-53,,"99,0%"
22,KFM_FROZEN_NSO_A250,PT1783212,hàng ĐÔNG NSO đợt 1 đi hàng ngày 11.09,11/09/2026,HOÀN THÀNH ,0 SKU ,739,739,731,-8,,"98,9%"
23,KFM_FROZEN_090926,PT1783893,hàng ĐÔNG đi hàng ngày 09.09,09/09/2026,HOÀN THÀNH ,0 SKU ,10366,10366,10366,0,,"100,0%"
24,KFM_FROZEN_100926,PT1789442,hàng ĐÔNG đi hàng ngày 10.09,10/09/2026,HOÀN THÀNH ,0 SKU ,11876,11876,11876,0,2,"100,0%"
25,KFM_FROZEN_DL_NSO_110926,PT1795286,hàng đông NSO đợt 2 và đông daily đi hàng 11.09,11/09/2026,HOÀN THÀNH ,0 sku,12747,12571,12571,0,,"98,6%"
26,KFM_FROZEN_120926,PT1801223,hàng ĐÔNG đi hàng ngày 12.09,12/09/2026,HOÀN THÀNH ,0 SKU ,13355,13355,13257,-98,,"99,3%"
27,KFM_FROZEN_130926,PT1807225,hàng ĐÔNG đi hàng ngày 13.09,13/09/2026,HOÀN THÀNH ,2 SKU,12635,12635,12605,-30,,"99,8%"
28,KFM_FROZEN_CA250,PT1808173,châm NSO,13/09/2026,HOÀN THÀNH ,0 SKU,106,106,106,0,,"100,0%"
29,KFM_FROZEN_140926,PT1811728,hàng ĐÔNG đi hàng ngày 14.09,14/09/2026,HOÀN THÀNH ,1 SKU,10852,10782,10782,0,,"99,4%"
30,KFM_FROZEN_160926,PT1823756,hàng ĐÔNG đi hàng ngày 16.09,16/09/2026,HOÀN THÀNH ,0 sku,10602,10602,10602,0,,"100,0%"
31,KFM_FROZEN_NSO_180926,PT1823803,ĐƠN NSO,18/09/2026,HOÀN THÀNH ,9 sku,2475,2285,2292,7,,"92,6%"
32,KFM_FROZEN_170926,PT1828684,Em gửi booking hàng đông giao ngày 17/09,17/09/2026,HOÀN THÀNH ,0 sku,11700,11700,11684,-16,,"99,9%"
33,KFM_FROZEN_BS_170926,PT1829883,BS KEM,17/09/2026,HOÀN THÀNH ,0 SKU,16,16,16,0,,"100,0%"
34,KFM_FROZEN_BSD2_170926,PT1830637,BS CHẢ GIÒ,17/09/2026,HOÀN THÀNH ,0 SKU,88,88,88,0,,"100,0%"
35,KFM_FROZEN_180926,PT1835454,Em gửi booking hàng đông giao ngày 18/09,18/09/2026,HOÀN THÀNH ,0 SKU,9387,9387,9375,-12,,"99,9%"
36,KFM_FROZEN_NS0_BS,PT1836248,BS NSO 18/09,18/09/2026,HOÀN THÀNH ,0 SKU,56,56,56,0,,"100,0%"
37,KFM_FROZEN_190926,PT1841684,booking hàng đông giao ngày 19/09,19/09/2026,HOÀN THÀNH ,0 SKU,8756,8756,8756,0,,"100,0%"
38,KFM_FROZEN_BS_190926,PT1842524,booking hàng đông giao ngày 19/09,19/09/2026,HOÀN THÀNH ,0 SKU,1431,1431,1431,0,,"100,0%"
39,KFM_FROZEN_200926,PT1847464,booking hàng đông giao ngày 20/09,20/09/2026,HOÀN THÀNH ,0 SKU,11689,11689,11689,0,,"100,0%"
40,KFM_FROZEN_BS_NSO_200926,PT1847911,booking NSO hàng đông giao ngày 20/09,20/09/2026,HOÀN THÀNH ,0 SKU,338,338,338,0,,"100,0%"
41,KFM_FROZEN_210926,PT1848061,booking hàng đông giao ngày 21/09,21/09/2026,HOÀN THÀNH ,0 sku,11898,11898,11898,0,,"100,0%"
42,KFM_FROZEN_240926,PT1857959,booking hàng đông giao cho 2 NSO A215 A247 ngày 24/09,24/09/2026,HOÀN THÀNH ,0 SKU,1492,1492,1492,0,,"100,0%"
43,KFM_FROZEN_220926,PT1858668,booking hàng đông giao ngày 22/09,22/09/2026,HOÀN THÀNH ,0 SKU,10828,10828,10828,0,,"100,0%"